X,Y,Diameter,Name
375.0,197.0,79.15721,Bang
463.0,191.0,42.91941,Bang
